{"cameraMode":{"drawMode":0,"name":"Shaded","section":"Shading Mode"},"sceneLighting":true,"audioPlay":false,"sceneViewState":{"showFog":true,"showMaterialUpdate":false,"showSkybox":false,"showFlares":true,"showImageEffects":true,"showParticleSystems":true},"in2DMode":false,"pivot":{"x":-5.414743900299072,"y":2.952421188354492,"z":-1.907721996307373},"rotation":{"x":-0.00013016928278375417,"y":0.9962195158004761,"z":-0.08689022809267044,"w":-0.001494155265390873},"size":13.515997886657715,"orthographic":false}