{"cameraMode":{"drawMode":0,"name":"Shaded","section":"Shading Mode"},"sceneLighting":true,"audioPlay":false,"sceneViewState":{"showFog":true,"showMaterialUpdate":false,"showSkybox":false,"showFlares":true,"showImageEffects":true,"showParticleSystems":true},"in2DMode":false,"pivot":{"x":4.048100471496582,"y":3.0645523071289064,"z":-2.7782347202301027},"rotation":{"x":0.10151518881320954,"y":-0.8825997114181519,"z":0.22329704463481904,"w":0.40115371346473696},"size":8.480175018310547,"orthographic":false}